<project name="XML_generation" id="XML_generation" version="0.1.0">
    <hmipage default_page_scan="1" title="page_1" width="800" height="600" id="page_1" prev_page="" version="0.1.0" next_object_number="10024" belongs_to_all_areas="1" template_id="" color="4290822336" order="0" next_page="" access_area="0" page_scan_time="250">
        <shapes>
            <shape type="Pipe">
                <object tool_tip="" object_id="SHAPE_10021" description="" object_number="10021"/>
                <box bottom="20" right="30" axis_offset_top="427" axis_offset_left="75" angle="0" top="0" left="0" z_index="25" axis_anchor="0"/>
                <line style="1" line_width="4" color="#000000"/>
                <pipe lowlight_color="#808080" highlight_color="#ffffff" pipe_width="4">
                    <points>
                        <point x="0" y="-1"/>
                        <point x="104" y="-2"/>
                        <point x="101" y="-97"/>
                        <point x="100" y="-97"/>
                    </points>
                </pipe>
            </shape>
            <shape type="Pipe">
                <object tool_tip="" object_id="SHAPE_10016" description="" object_number="10016"/>
                <box bottom="0" right="0" axis_offset_top="171" axis_offset_left="277" angle="0" top="0" left="0" z_index="20" axis_anchor="0"/>
                <line style="1" line_width="4" color="#000000"/>
                <pipe lowlight_color="#808080" highlight_color="#ffffff" pipe_width="4">
                    <points>
                        <point x="0" y="0"/>
                        <point x="-100" y="-1"/>
                        <point x="-101" y="82"/>
                    </points>
                </pipe>
            </shape>
            <shape type="Pipe">
                <object tool_tip="" object_id="SHAPE_10009" description="" object_number="10009"/>
                <box bottom="20" right="30" axis_offset_top="327" axis_offset_left="75" angle="0" top="0" left="0" z_index="9" axis_anchor="0"/>
                <line style="1" line_width="4" color="#000000"/>
                <pipe lowlight_color="#808080" highlight_color="#ffffff" pipe_width="4">
                    <points>
                        <point x="0" y="0"/>
                        <point x="101" y="3"/>
                        <point x="102" y="-51"/>
                        <point x="201" y="-51"/>
                        <point x="282" y="-51"/>
                        <point x="284" y="-50"/>
                    </points>
                </pipe>
            </shape>
        </shapes>
        <labels>
            <text font_family="Sans Serif" strikeout="0" font_style="0" font_weight="50" underline="0" color="4278190080" display_type="0" align_type="0" static_text="TANK B" font_size="12">
                <display_on_off text_off="" text_on=""><![CDATA[]]></display_on_off>
                <object tool_tip="" object_id="TEXT_10023" description="" object_number="10023"/>
                <box bottom="0" right="0" axis_offset_top="480" axis_offset_left="20" angle="0" top="0" left="0" z_index="28" axis_anchor="4"/>
            </text>
            <text font_family="Sans Serif" strikeout="0" font_style="0" font_weight="50" underline="0" color="4278190080" display_type="0" align_type="0" static_text="TANK A" font_size="12">
                <display_on_off text_off="" text_on=""><![CDATA[]]></display_on_off>
                <object tool_tip="" object_id="TEXT_10022" description="" object_number="10022"/>
                <box bottom="0" right="0" axis_offset_top="210" axis_offset_left="20" angle="0" top="0" left="0" z_index="27" axis_anchor="4"/>
            </text>
        </labels>
        <component_instances>
            <componentInstance uuid="{f2929f7e-c592-48b3-9cd5-b5b180c7ca2b}" zIndex="0" objectNumber="0" x1="160" y1="312" x2="192" y2="352" objectId="">
                <shape type="Line">
                    <object tool_tip="" object_id="SHAPE_2" description="" object_number="2"/>
                    <box bottom="12" right="19" axis_offset_top="3" axis_offset_left="10" angle="0" top="0" left="0" z_index="0" axis_anchor="0"/>
                    <line style="1" line_width="1" color="#000000"/>
                </shape>
                <shape type="Line">
                    <object tool_tip="" object_id="SHAPE_3" description="" object_number="3"/>
                    <box bottom="-6" right="20" axis_offset_top="34" axis_offset_left="7" angle="0" top="0" left="0" z_index="0" axis_anchor="2"/>
                    <line style="1" line_width="1" color="#000000"/>
                </shape>
                <shape type="Ellipse">
                    <object tool_tip="" object_id="SHAPE_1" description="" object_number="1"/>
                    <box bottom="36" right="29" axis_offset_top="1" axis_offset_left="1" angle="0" top="0" left="0" z_index="-1" axis_anchor="0"/>
                    <line style="1" line_width="1" color="#000000"/>
                    <fill fill="#fefefe"/>
                    <gradient gradient_direction="5" gradient_color="#707070"/>
                    <ellipse angle_end="0" x1="-0.25" ellipse_type="ARC_ELLIPSE" y1="0" x2="29" y2="36.5079" angle_start="0"/>
                </shape>
                <description/>
            </componentInstance>
            <componentInstance uuid="{4c64b6e1-bb25-442a-abf7-6fa6c5694ff5}" zIndex="0" objectNumber="0" x1="98" y1="401" x2="148" y2="443" objectId="">
                <shape type="Rectangle">
                    <object tool_tip="" object_id="SHAPE_6" description="" object_number="6"/>
                    <box bottom="2" right="22" axis_offset_top="1" axis_offset_left="13" angle="0" top="0" left="0" z_index="1" axis_anchor="0"/>
                    <line style="1" line_width="1" color="#000000"/>
                    <fill fill="#ff0000"/>
                    <gradient gradient_direction="7" gradient_color="#610000"/>
                    <rectangle corner_radius="0" x1="0" y1="0" x2="22.5962" y2="2.76316"/>
                </shape>
                <shape type="Polygon">
                    <object tool_tip="" object_id="SHAPE_4" description="" object_number="4"/>
                    <box bottom="0" right="0" axis_offset_top="10" axis_offset_left="2" angle="0" top="0" left="0" z_index="0" axis_anchor="0"/>
                    <line style="1" line_width="1" color="#000000"/>
                    <fill fill="#ff0000"/>
                    <gradient gradient_direction="7" gradient_color="#610000"/>
                    <polyline closed="1">
                        <points>
                            <point x="0" y="0"/>
                            <point x="-0.4807692307692309" y="29.56578947368416"/>
                            <point x="45.91346153846157" y="-0.8289473684210514"/>
                            <point x="45.91346153846157" y="-0.8289473684210514"/>
                            <point x="45.67307692307697" y="30.3947368421053"/>
                            <point x="45.67307692307697" y="30.3947368421053"/>
                            <point x="45.67307692307697" y="30.3947368421053"/>
                        </points>
                    </polyline>
                </shape>
                <shape type="Rectangle">
                    <object tool_tip="" object_id="SHAPE_7" description="" object_number="7"/>
                    <box bottom="21" right="2" axis_offset_top="4" axis_offset_left="23" angle="0" top="0" left="0" z_index="-1" axis_anchor="0"/>
                    <line style="1" line_width="1" color="#000000"/>
                    <fill fill="#ff0000"/>
                    <gradient gradient_direction="5" gradient_color="#610000"/>
                    <rectangle corner_radius="0" x1="0" y1="0" x2="2.64423" y2="21.2763"/>
                </shape>
                <description/>
            </componentInstance>
            <componentInstance uuid="{9f3488ee-35a8-4465-8257-04682835adad}" zIndex="0" objectNumber="0" x1="16" y1="374" x2="85" y2="472" objectId="">
                <shape type="Rectangle">
                    <object tool_tip="" object_id="SHAPE_6" description="" object_number="6"/>
                    <box bottom="8" right="1" axis_offset_top="2" axis_offset_left="2" angle="0" top="0" left="0" z_index="1" axis_anchor="0"/>
                    <line style="1" line_width="1" color="#000000"/>
                    <fill fill="#fefefe"/>
                    <gradient gradient_direction="5" gradient_color="#707070"/>
                    <rectangle corner_radius="0" x1="0" y1="0" x2="1" y2="8"/>
                </shape>
                <shape type="Rectangle">
                    <object tool_tip="" object_id="SHAPE_7" description="" object_number="7"/>
                    <box bottom="8" right="1" axis_offset_top="2" axis_offset_left="57" angle="0" top="0" left="0" z_index="1" axis_anchor="0"/>
                    <line style="1" line_width="1" color="#000000"/>
                    <fill fill="#fefefe"/>
                    <gradient gradient_direction="5" gradient_color="#707070"/>
                    <rectangle corner_radius="0" x1="0" y1="0" x2="1" y2="8"/>
                </shape>
                <shape type="Rectangle">
                    <object tool_tip="" object_id="SHAPE_5" description="" object_number="5"/>
                    <box bottom="2" right="57" axis_offset_top="2" axis_offset_left="2" angle="0" top="0" left="0" z_index="0" axis_anchor="0"/>
                    <line style="1" line_width="1" color="#000000"/>
                    <fill fill="#fefefe"/>
                    <gradient gradient_direction="5" gradient_color="#707070"/>
                    <rectangle corner_radius="0" x1="0" y1="0" x2="57" y2="2"/>
                </shape>
                <shape type="Rectangle">
                    <object tool_tip="" object_id="SHAPE_3" description="" object_number="3"/>
                    <box bottom="82" right="48" axis_offset_top="6" axis_offset_left="6" angle="0" top="0" left="0" z_index="0" axis_anchor="0"/>
                    <line style="1" line_width="1" color="#000000"/>
                    <fill fill="#fefefe"/>
                    <gradient gradient_direction="5" gradient_color="#707070"/>
                    <rectangle corner_radius="0" x1="0" y1="0" x2="48" y2="82"/>
                </shape>
                <description/>
            </componentInstance>
            <componentInstance uuid="{f40fb63e-9dc9-4786-a038-95e8cbaec83f}" zIndex="0" objectNumber="0" x1="199" y1="141" x2="248" y2="185" objectId="">
                <shape type="Rectangle">
                    <object tool_tip="" object_id="SHAPE_11" description="" object_number="11"/>
                    <box bottom="2" right="22" axis_offset_top="1" axis_offset_left="13" angle="0" top="0" left="0" z_index="1" axis_anchor="0"/>
                    <line style="1" line_width="1" color="#000000"/>
                    <fill fill="#ff0000"/>
                    <gradient gradient_direction="7" gradient_color="#610000"/>
                    <rectangle corner_radius="0" x1="0" y1="0" x2="22.1442" y2="2.55814"/>
                </shape>
                <shape type="Ellipse">
                    <object tool_tip="" object_id="SHAPE_12" description="" object_number="12"/>
                    <box bottom="15" right="14" axis_offset_top="19" axis_offset_left="16" angle="0" top="0" left="0" z_index="0" axis_anchor="0"/>
                    <line style="1" line_width="1" color="#000000"/>
                    <fill fill="#550000"/>
                    <gradient gradient_direction="6" gradient_color="#fd0000"/>
                    <ellipse angle_end="0" x1="0" ellipse_type="ARC_ELLIPSE" y1="0" x2="14.3702" y2="15.6047" angle_start="0"/>
                </shape>
                <shape type="Polygon">
                    <object tool_tip="" object_id="SHAPE_10" description="" object_number="10"/>
                    <box bottom="0" right="0" axis_offset_top="14" axis_offset_left="2" angle="0" top="0" left="0" z_index="0" axis_anchor="0"/>
                    <line style="1" line_width="1" color="#000000"/>
                    <fill fill="#ff0000"/>
                    <gradient gradient_direction="7" gradient_color="#610000"/>
                    <polyline closed="1">
                        <points>
                            <point x="0" y="0"/>
                            <point x="-0.4711538461538463" y="27.37209302325576"/>
                            <point x="44.99519230769231" y="-0.7674418604651148"/>
                            <point x="44.99519230769231" y="-0.7674418604651148"/>
                            <point x="44.75961538461537" y="28.13953488372095"/>
                            <point x="44.75961538461537" y="28.13953488372095"/>
                            <point x="44.75961538461537" y="28.13953488372095"/>
                        </points>
                    </polyline>
                </shape>
                <shape type="Rectangle">
                    <object tool_tip="" object_id="SHAPE_9" description="" object_number="9"/>
                    <box bottom="19" right="2" axis_offset_top="3" axis_offset_left="23" angle="0" top="0" left="0" z_index="-1" axis_anchor="0"/>
                    <line style="1" line_width="1" color="#000000"/>
                    <fill fill="#ff0000"/>
                    <gradient gradient_direction="5" gradient_color="#610000"/>
                    <rectangle corner_radius="0" x1="0" y1="0" x2="2.59135" y2="19.6977"/>
                </shape>
                <description/>
            </componentInstance>
            <componentInstance uuid="{f59ae0f9-f356-4aeb-82e1-de2d0763924d}" zIndex="0" objectNumber="0" x1="274" y1="140" x2="376" y2="202" objectId="">
                <shape type="Rectangle">
                    <object tool_tip="" object_id="SHAPE_6" description="" object_number="6"/>
                    <box bottom="40" right="3" axis_offset_top="11" axis_offset_left="80" angle="0" top="0" left="0" z_index="0" axis_anchor="0"/>
                    <line style="1" line_width="1" color="#000000"/>
                    <fill fill="#1f1f1f"/>
                    <gradient gradient_direction="6" gradient_color="#121212"/>
                    <rectangle corner_radius="0" x1="0" y1="0" x2="3.56643" y2="40.0615"/>
                </shape>
                <shape type="Rectangle">
                    <object tool_tip="" object_id="SHAPE_7" description="" object_number="7"/>
                    <box bottom="40" right="3" axis_offset_top="11" axis_offset_left="21" angle="0" top="0" left="0" z_index="0" axis_anchor="0"/>
                    <line style="1" line_width="1" color="#000000"/>
                    <fill fill="#1f1f1f"/>
                    <gradient gradient_direction="6" gradient_color="#121212"/>
                    <rectangle corner_radius="0" x1="0" y1="0" x2="3.56643" y2="40.0615"/>
                </shape>
                <shape type="Rectangle">
                    <object tool_tip="" object_id="SHAPE_5" description="" object_number="5"/>
                    <box bottom="3" right="8" axis_offset_top="55" axis_offset_left="12" angle="0" top="0" left="0" z_index="0" axis_anchor="0"/>
                    <line style="1" line_width="1" color="#000000"/>
                    <fill fill="#1f1f1f"/>
                    <gradient gradient_direction="6" gradient_color="#121212"/>
                    <rectangle corner_radius="0" x1="0" y1="0" x2="8.2028" y2="3.33846"/>
                </shape>
                <shape type="Rectangle">
                    <object tool_tip="" object_id="SHAPE_10" description="" object_number="10"/>
                    <box bottom="7" right="2" axis_offset_top="6" axis_offset_left="27" angle="0" top="0" left="0" z_index="0" axis_anchor="0"/>
                    <line style="1" line_width="1" color="#000000"/>
                    <fill fill="#1f1f1f"/>
                    <gradient gradient_direction="6" gradient_color="#121212"/>
                    <rectangle corner_radius="0" x1="0" y1="0" x2="2.13986" y2="7.63077"/>
                </shape>
                <shape type="Rectangle">
                    <object tool_tip="" object_id="SHAPE_9" description="" object_number="9"/>
                    <box bottom="7" right="2" axis_offset_top="47" axis_offset_left="74" angle="0" top="0" left="0" z_index="0" axis_anchor="0"/>
                    <line style="1" line_width="1" color="#000000"/>
                    <fill fill="#1f1f1f"/>
                    <gradient gradient_direction="6" gradient_color="#121212"/>
                    <rectangle corner_radius="0" x1="0" y1="0" x2="2.13986" y2="7.63077"/>
                </shape>
                <shape type="Rectangle">
                    <object tool_tip="" object_id="SHAPE_2" description="" object_number="2"/>
                    <box bottom="7" right="2" axis_offset_top="48" axis_offset_left="15" angle="0" top="0" left="0" z_index="0" axis_anchor="0"/>
                    <line style="1" line_width="1" color="#000000"/>
                    <fill fill="#1f1f1f"/>
                    <gradient gradient_direction="6" gradient_color="#121212"/>
                    <rectangle corner_radius="0" x1="0" y1="0" x2="2.13986" y2="7.63077"/>
                </shape>
                <shape type="Rectangle">
                    <object tool_tip="" object_id="SHAPE_8" description="" object_number="8"/>
                    <box bottom="7" right="2" axis_offset_top="6" axis_offset_left="16" angle="0" top="0" left="0" z_index="0" axis_anchor="0"/>
                    <line style="1" line_width="1" color="#000000"/>
                    <fill fill="#1f1f1f"/>
                    <gradient gradient_direction="6" gradient_color="#121212"/>
                    <rectangle corner_radius="0" x1="0" y1="0" x2="2.13986" y2="7.63077"/>
                </shape>
                <shape type="Rectangle">
                    <object tool_tip="" object_id="SHAPE_12" description="" object_number="12"/>
                    <box bottom="3" right="8" axis_offset_top="3" axis_offset_left="13" angle="0" top="0" left="0" z_index="0" axis_anchor="0"/>
                    <line style="1" line_width="1" color="#000000"/>
                    <fill fill="#1f1f1f"/>
                    <gradient gradient_direction="6" gradient_color="#121212"/>
                    <rectangle corner_radius="0" x1="0" y1="0" x2="8.2028" y2="3.33846"/>
                </shape>
                <shape type="Rectangle">
                    <object tool_tip="" object_id="SHAPE_11" description="" object_number="11"/>
                    <box bottom="3" right="8" axis_offset_top="2" axis_offset_left="23" angle="0" top="0" left="0" z_index="0" axis_anchor="0"/>
                    <line style="1" line_width="1" color="#000000"/>
                    <fill fill="#1f1f1f"/>
                    <gradient gradient_direction="6" gradient_color="#121212"/>
                    <rectangle corner_radius="0" x1="0" y1="0" x2="8.2028" y2="3.33846"/>
                </shape>
                <shape type="Rectangle">
                    <object tool_tip="" object_id="SHAPE_13" description="" object_number="13"/>
                    <box bottom="3" right="8" axis_offset_top="55" axis_offset_left="72" angle="0" top="0" left="0" z_index="0" axis_anchor="0"/>
                    <line style="1" line_width="1" color="#000000"/>
                    <fill fill="#1f1f1f"/>
                    <gradient gradient_direction="6" gradient_color="#121212"/>
                    <rectangle corner_radius="0" x1="0" y1="0" x2="8.2028" y2="3.33846"/>
                </shape>
                <shape type="Rectangle">
                    <object tool_tip="" object_id="SHAPE_1" description="" object_number="1"/>
                    <box bottom="33" right="98" axis_offset_top="14" axis_offset_left="2" angle="0" top="0" left="0" z_index="-1" axis_anchor="0"/>
                    <line style="1" line_width="1" color="#000000"/>
                    <fill fill="#fefefe"/>
                    <gradient gradient_direction="6" gradient_color="#707070"/>
                    <rectangle corner_radius="30" x1="0" y1="0" x2="98.0769" y2="33.8615"/>
                </shape>
                <description/>
            </componentInstance>
            <componentInstance uuid="{24a504bc-19b5-4294-86c5-3f7451ece17c}" zIndex="0" objectNumber="0" x1="275" y1="238" x2="327" y2="289" objectId="">
                <shape type="Ellipse">
                    <object tool_tip="" object_id="SHAPE_12" description="" object_number="12"/>
                    <box bottom="17" right="15" axis_offset_top="24" axis_offset_left="18" angle="0" top="0" left="0" z_index="1" axis_anchor="0"/>
                    <line style="1" line_width="1" color="#000000"/>
                    <fill fill="#00fc00"/>
                    <gradient gradient_direction="7" gradient_color="#008600"/>
                    <ellipse angle_end="0" x1="0" ellipse_type="ARC_ELLIPSE" y1="0" x2="15.25" y2="17.4775" angle_start="0"/>
                </shape>
                <shape type="Rectangle">
                    <object tool_tip="" object_id="SHAPE_11" description="" object_number="11"/>
                    <box bottom="3" right="23" axis_offset_top="1" axis_offset_left="13" angle="0" top="0" left="0" z_index="0" axis_anchor="0"/>
                    <line style="1" line_width="1" color="#000000"/>
                    <fill fill="#00fe3b"/>
                    <gradient gradient_direction="7" gradient_color="#008606"/>
                    <rectangle corner_radius="0" x1="0" y1="0" x2="23.5" y2="3.15169"/>
                </shape>
                <shape type="Polygon">
                    <object tool_tip="" object_id="SHAPE_10" description="" object_number="10"/>
                    <box bottom="0" right="0" axis_offset_top="18" axis_offset_left="2" angle="0" top="0" left="0" z_index="0" axis_anchor="0"/>
                    <line style="1" line_width="1" color="#000000"/>
                    <fill fill="#00fe3b"/>
                    <gradient gradient_direction="7" gradient_color="#008606"/>
                    <polyline closed="1">
                        <points>
                            <point x="0" y="0"/>
                            <point x="-0.4999999999999998" y="30.6573033707865"/>
                            <point x="47.75000000000003" y="-0.8595505617977522"/>
                            <point x="47.75000000000003" y="-0.8595505617977522"/>
                            <point x="47.50000000000002" y="31.51685393258421"/>
                            <point x="47.50000000000002" y="31.51685393258421"/>
                            <point x="47.50000000000002" y="31.51685393258421"/>
                        </points>
                    </polyline>
                </shape>
                <shape type="Rectangle">
                    <object tool_tip="" object_id="SHAPE_9" description="" object_number="9"/>
                    <box bottom="28" right="2" axis_offset_top="4" axis_offset_left="24" angle="0" top="0" left="0" z_index="0" axis_anchor="0"/>
                    <line style="1" line_width="1" color="#000000"/>
                    <fill fill="#00fe3b"/>
                    <gradient gradient_direction="5" gradient_color="#008606"/>
                    <rectangle corner_radius="0" x1="0" y1="0" x2="2.75" y2="28.9382"/>
                </shape>
                <description/>
            </componentInstance>
            <componentInstance uuid="{e0415739-4aa4-494d-8f54-f3e1ff347164}" zIndex="0" objectNumber="16712324" x1="167" y1="251" x2="243" y2="299" objectId="">
                <shape type="Rectangle">
                    <object tool_tip="" object_id="SHAPE_12" description="" object_number="12"/>
                    <box bottom="2" right="17" axis_offset_top="42" axis_offset_left="1" angle="0" top="0" left="0" z_index="1" axis_anchor="0"/>
                    <line style="1" line_width="1" color="#000000"/>
                    <fill fill="#00ff00"/>
                    <gradient gradient_direction="5" gradient_color="#00b000"/>
                    <rectangle corner_radius="0" x1="0" y1="0" x2="17.6429" y2="2.18182"/>
                </shape>
                <shape type="Rectangle">
                    <object tool_tip="" object_id="SHAPE_6" description="" object_number="6"/>
                    <box bottom="2" right="17" axis_offset_top="3" axis_offset_left="1" angle="0" top="0" left="0" z_index="1" axis_anchor="0"/>
                    <line style="1" line_width="1" color="#000000"/>
                    <fill fill="#00ff00"/>
                    <gradient gradient_direction="5" gradient_color="#00af00"/>
                    <rectangle corner_radius="0" x1="0" y1="0" x2="17.6429" y2="2.18182"/>
                </shape>
                <shape type="Rectangle">
                    <object tool_tip="" object_id="SHAPE_2" description="" object_number="2"/>
                    <box bottom="2" right="17" axis_offset_top="7" axis_offset_left="1" angle="0" top="0" left="0" z_index="0" axis_anchor="0"/>
                    <line style="1" line_width="1" color="#000000"/>
                    <fill fill="#00ff00"/>
                    <gradient gradient_direction="5" gradient_color="#00b000"/>
                    <rectangle corner_radius="0" x1="0" y1="0" x2="17.6429" y2="2.18182"/>
                </shape>
                <shape type="Ellipse">
                    <object tool_tip="" object_id="SHAPE_28" description="" object_number="28"/>
                    <box bottom="2" right="3" axis_offset_top="16" axis_offset_left="43" angle="0" top="0" left="0" z_index="0" axis_anchor="0"/>
                    <line style="1" line_width="1" color="#000000"/>
                    <fill fill="#00ff00"/>
                    <gradient gradient_direction="5" gradient_color="#00ad00"/>
                    <ellipse angle_end="0" x1="0" ellipse_type="ARC_ELLIPSE" y1="0" x2="3.10204" y2="2.57851" angle_start="0"/>
                </shape>
                <shape type="Rectangle">
                    <object tool_tip="" object_id="SHAPE_4" description="" object_number="4"/>
                    <box bottom="0" right="12" axis_offset_top="9" axis_offset_left="3" angle="0" top="0" left="0" z_index="0" axis_anchor="0"/>
                    <line style="1" line_width="1" color="#000000"/>
                    <fill fill="#fefefe"/>
                    <gradient gradient_direction="5" gradient_color="#707070"/>
                    <rectangle corner_radius="0" x1="0" y1="0" x2="12.602" y2="0.198347"/>
                </shape>
                <shape type="Rectangle">
                    <object tool_tip="" object_id="SHAPE_1" description="" object_number="1"/>
                    <box bottom="28" right="12" axis_offset_top="9" axis_offset_left="3" angle="0" top="0" left="0" z_index="0" axis_anchor="0"/>
                    <line style="1" line_width="1" color="#000000"/>
                    <fill fill="#00ff00"/>
                    <gradient gradient_direction="5" gradient_color="#00ac00"/>
                    <rectangle corner_radius="0" x1="0" y1="0" x2="12.9898" y2="28.562"/>
                </shape>
                <shape type="Rectangle">
                    <object tool_tip="" object_id="SHAPE_7" description="" object_number="7"/>
                    <box bottom="2" right="2" axis_offset_top="1" axis_offset_left="9" angle="0" top="0" left="0" z_index="0" axis_anchor="0"/>
                    <line style="1" line_width="1" color="#000000"/>
                    <fill fill="#00ff00"/>
                    <gradient gradient_direction="5" gradient_color="#00b100"/>
                    <rectangle corner_radius="0" x1="0" y1="0" x2="2.13265" y2="2.38017"/>
                </shape>
                <shape type="Rectangle">
                    <object tool_tip="" object_id="SHAPE_31" description="" object_number="31"/>
                    <box bottom="19" right="27" axis_offset_top="14" axis_offset_left="47" angle="0" top="0" left="0" z_index="0" axis_anchor="0"/>
                    <line style="1" line_width="1" color="#000000"/>
                    <fill fill="#00ff00"/>
                    <gradient gradient_direction="7" gradient_color="#00ab00"/>
                    <rectangle corner_radius="5" x1="0" y1="0" x2="27.3367" y2="19.8347"/>
                </shape>
                <shape type="Rectangle">
                    <object tool_tip="" object_id="SHAPE_21" description="" object_number="21"/>
                    <box bottom="10" right="10" axis_offset_top="18" axis_offset_left="16" angle="0" top="0" left="0" z_index="0" axis_anchor="0"/>
                    <line style="1" line_width="1" color="#000000"/>
                    <fill fill="#00ff00"/>
                    <gradient gradient_direction="7" gradient_color="#00b000"/>
                    <rectangle corner_radius="0" x1="0" y1="0" x2="10.4694" y2="10.314"/>
                </shape>
                <shape type="Rectangle">
                    <object tool_tip="" object_id="SHAPE_16" description="" object_number="16"/>
                    <box bottom="2" right="2" axis_offset_top="44" axis_offset_left="8" angle="0" top="0" left="0" z_index="0" axis_anchor="0"/>
                    <line style="1" line_width="1" color="#000000"/>
                    <fill fill="#00ff00"/>
                    <gradient gradient_direction="5" gradient_color="#00ac00"/>
                    <rectangle corner_radius="0" x1="0" y1="0" x2="2.13265" y2="2.38017"/>
                </shape>
                <shape type="Rectangle">
                    <object tool_tip="" object_id="SHAPE_10" description="" object_number="10"/>
                    <box bottom="2" right="17" axis_offset_top="38" axis_offset_left="1" angle="0" top="0" left="0" z_index="0" axis_anchor="0"/>
                    <line style="1" line_width="1" color="#000000"/>
                    <fill fill="#00ff00"/>
                    <gradient gradient_direction="5" gradient_color="#00b000"/>
                    <rectangle corner_radius="0" x1="0" y1="0" x2="17.6429" y2="2.18182"/>
                </shape>
                <shape type="Rectangle">
                    <object tool_tip="" object_id="SHAPE_9" description="" object_number="9"/>
                    <box bottom="2" right="2" axis_offset_top="1" axis_offset_left="3" angle="0" top="0" left="0" z_index="0" axis_anchor="0"/>
                    <line style="1" line_width="1" color="#000000"/>
                    <fill fill="#00ff00"/>
                    <gradient gradient_direction="5" gradient_color="#00b000"/>
                    <rectangle corner_radius="0" x1="0" y1="0" x2="2.52041" y2="2.57851"/>
                </shape>
                <shape type="Rectangle">
                    <object tool_tip="" object_id="SHAPE_24" description="" object_number="24"/>
                    <box bottom="13" right="4" axis_offset_top="17" axis_offset_left="19" angle="0" top="0" left="0" z_index="0" axis_anchor="0"/>
                    <line style="1" line_width="1" color="#000000"/>
                    <fill fill="#00ff00"/>
                    <gradient gradient_direction="7" gradient_color="#00af00"/>
                    <rectangle corner_radius="0" x1="0" y1="0" x2="4.45918" y2="13.0909"/>
                </shape>
                <shape type="Rectangle">
                    <object tool_tip="" object_id="SHAPE_8" description="" object_number="8"/>
                    <box bottom="2" right="2" axis_offset_top="1" axis_offset_left="14" angle="0" top="0" left="0" z_index="0" axis_anchor="0"/>
                    <line style="1" line_width="1" color="#000000"/>
                    <fill fill="#00ff00"/>
                    <gradient gradient_direction="5" gradient_color="#00aa00"/>
                    <rectangle corner_radius="0" x1="0" y1="0" x2="2.71429" y2="2.57851"/>
                </shape>
                <shape type="Ellipse">
                    <object tool_tip="" object_id="SHAPE_29" description="" object_number="29"/>
                    <box bottom="2" right="3" axis_offset_top="16" axis_offset_left="29" angle="0" top="0" left="0" z_index="0" axis_anchor="0"/>
                    <line style="1" line_width="1" color="#000000"/>
                    <fill fill="#00ff00"/>
                    <gradient gradient_direction="5" gradient_color="#00ab00"/>
                    <ellipse angle_end="0" x1="0" ellipse_type="ARC_ELLIPSE" y1="0" x2="3.10204" y2="2.57851" angle_start="0"/>
                </shape>
                <shape type="Ellipse">
                    <object tool_tip="" object_id="SHAPE_27" description="" object_number="27"/>
                    <box bottom="2" right="3" axis_offset_top="27" axis_offset_left="29" angle="0" top="0" left="0" z_index="0" axis_anchor="0"/>
                    <line style="1" line_width="1" color="#000000"/>
                    <fill fill="#00ff00"/>
                    <gradient gradient_direction="5" gradient_color="#00b000"/>
                    <ellipse angle_end="0" x1="0" ellipse_type="ARC_ELLIPSE" y1="0" x2="3.10204" y2="2.57851" angle_start="0"/>
                </shape>
                <shape type="Rectangle">
                    <object tool_tip="" object_id="SHAPE_14" description="" object_number="14"/>
                    <box bottom="2" right="2" axis_offset_top="44" axis_offset_left="3" angle="0" top="0" left="0" z_index="0" axis_anchor="0"/>
                    <line style="1" line_width="1" color="#000000"/>
                    <fill fill="#00ff00"/>
                    <gradient gradient_direction="5" gradient_color="#00af00"/>
                    <rectangle corner_radius="0" x1="0" y1="0" x2="2.52041" y2="2.57851"/>
                </shape>
                <shape type="Rectangle">
                    <object tool_tip="" object_id="SHAPE_5" description="" object_number="5"/>
                    <box bottom="1" right="13" axis_offset_top="5" axis_offset_left="3" angle="0" top="0" left="0" z_index="0" axis_anchor="0"/>
                    <line style="1" line_width="1" color="#000000"/>
                    <fill fill="#00ff00"/>
                    <gradient gradient_direction="5" gradient_color="#00b100"/>
                    <rectangle corner_radius="0" x1="0" y1="0" x2="13.3776" y2="1.19008"/>
                </shape>
                <shape type="Ellipse">
                    <object tool_tip="" object_id="SHAPE_26" description="" object_number="26"/>
                    <box bottom="2" right="3" axis_offset_top="27" axis_offset_left="42" angle="0" top="0" left="0" z_index="0" axis_anchor="0"/>
                    <line style="1" line_width="1" color="#000000"/>
                    <fill fill="#00ff00"/>
                    <gradient gradient_direction="5" gradient_color="#00a800"/>
                    <ellipse angle_end="0" x1="0" ellipse_type="ARC_ELLIPSE" y1="0" x2="3.10204" y2="2.57851" angle_start="0"/>
                </shape>
                <shape type="Rectangle">
                    <object tool_tip="" object_id="SHAPE_15" description="" object_number="15"/>
                    <box bottom="2" right="2" axis_offset_top="44" axis_offset_left="13" angle="0" top="0" left="0" z_index="0" axis_anchor="0"/>
                    <line style="1" line_width="1" color="#000000"/>
                    <fill fill="#00ff00"/>
                    <gradient gradient_direction="5" gradient_color="#00b100"/>
                    <rectangle corner_radius="0" x1="0" y1="0" x2="2.71429" y2="2.57851"/>
                </shape>
                <shape type="Rectangle">
                    <object tool_tip="" object_id="SHAPE_11" description="" object_number="11"/>
                    <box bottom="1" right="13" axis_offset_top="40" axis_offset_left="3" angle="0" top="0" left="0" z_index="0" axis_anchor="0"/>
                    <line style="1" line_width="1" color="#000000"/>
                    <fill fill="#00ff00"/>
                    <gradient gradient_direction="5" gradient_color="#00ad00"/>
                    <rectangle corner_radius="0" x1="0" y1="0" x2="13.3776" y2="1.19008"/>
                </shape>
                <shape type="Ellipse">
                    <object tool_tip="" object_id="SHAPE_35" description="" object_number="35"/>
                    <box bottom="4" right="5" axis_offset_top="3" axis_offset_left="31" angle="0" top="0" left="0" z_index="0" axis_anchor="0"/>
                    <line style="1" line_width="1" color="#000000"/>
                    <fill fill="#fefefe"/>
                    <gradient gradient_direction="5" gradient_color="#707070"/>
                    <ellipse angle_end="180" x1="0" ellipse_type="ARC" y1="0" x2="5.62245" y2="4.16529" angle_start="0"/>
                </shape>
                <shape type="Rectangle">
                    <object tool_tip="" object_id="SHAPE_34" description="" object_number="34"/>
                    <box bottom="6" right="5" axis_offset_top="9" axis_offset_left="63" angle="0" top="0" left="0" z_index="-1" axis_anchor="0"/>
                    <line style="1" line_width="1" color="#000000"/>
                    <fill fill="#00ff00"/>
                    <gradient gradient_direction="5" gradient_color="#00ad00"/>
                    <rectangle corner_radius="0" x1="0" y1="0" x2="5.04082" y2="6.7438"/>
                </shape>
                <shape type="Rectangle">
                    <object tool_tip="" object_id="SHAPE_25" description="" object_number="25"/>
                    <box bottom="15" right="20" axis_offset_top="16" axis_offset_left="27" angle="0" top="0" left="0" z_index="-2" axis_anchor="0"/>
                    <line style="1" line_width="1" color="#000000"/>
                    <fill fill="#00ff00"/>
                    <gradient gradient_direction="5" gradient_color="#00b000"/>
                    <rectangle corner_radius="0" x1="0" y1="0" x2="20.3571" y2="15.6694"/>
                </shape>
                <shape type="Polygon">
                    <object tool_tip="" object_id="SHAPE_38" description="" object_number="38"/>
                    <box bottom="0" right="0" axis_offset_top="9" axis_offset_left="43" angle="0" top="0" left="0" z_index="-3" axis_anchor="0"/>
                    <line style="1" line_width="1" color="#000000"/>
                    <polyline closed="0">
                        <points>
                            <point x="0" y="0"/>
                            <point x="0" y="-5.157024793388421"/>
                            <point x="1.744897959183671" y="-6.545454545454535"/>
                            <point x="21.3265306122449" y="-6.347107438016545"/>
                            <point x="23.26530612244897" y="-4.958677685950414"/>
                            <point x="23.45918367346935" y="0.198347107438017"/>
                        </points>
                    </polyline>
                </shape>
                <shape type="Rectangle">
                    <object tool_tip="" object_id="SHAPE_42" description="" object_number="42"/>
                    <box bottom="5" right="3" axis_offset_top="31" axis_offset_left="38" angle="0" top="0" left="0" z_index="-3" axis_anchor="0"/>
                    <line style="1" line_width="1" color="#000000"/>
                    <fill fill="#00ff00"/>
                    <gradient gradient_direction="5" gradient_color="#00b000"/>
                    <rectangle corner_radius="0" x1="0" y1="0" x2="3.87755" y2="5.35537"/>
                </shape>
                <shape type="Rectangle">
                    <object tool_tip="" object_id="SHAPE_32" description="" object_number="32"/>
                    <box bottom="6" right="3" axis_offset_top="9" axis_offset_left="35" angle="0" top="0" left="0" z_index="-3" axis_anchor="0"/>
                    <line style="1" line_width="1" color="#000000"/>
                    <fill fill="#00ff00"/>
                    <gradient gradient_direction="5" gradient_color="#00ad00"/>
                    <rectangle corner_radius="0" x1="0" y1="0" x2="3.29592" y2="6.7438"/>
                </shape>
                <shape type="Rectangle">
                    <object tool_tip="" object_id="SHAPE_43" description="" object_number="43"/>
                    <box bottom="5" right="3" axis_offset_top="30" axis_offset_left="31" angle="0" top="0" left="0" z_index="-3" axis_anchor="0"/>
                    <line style="1" line_width="1" color="#000000"/>
                    <fill fill="#00ff00"/>
                    <gradient gradient_direction="5" gradient_color="#00ad00"/>
                    <rectangle corner_radius="0" x1="0" y1="0" x2="3.87755" y2="5.35537"/>
                </shape>
                <shape type="Rectangle">
                    <object tool_tip="" object_id="SHAPE_33" description="" object_number="33"/>
                    <box bottom="6" right="5" axis_offset_top="9" axis_offset_left="40" angle="0" top="0" left="0" z_index="-3" axis_anchor="0"/>
                    <line style="1" line_width="1" color="#000000"/>
                    <fill fill="#00ff00"/>
                    <gradient gradient_direction="5" gradient_color="#00af00"/>
                    <rectangle corner_radius="0" x1="0" y1="0" x2="5.04082" y2="6.7438"/>
                </shape>
                <shape type="Rectangle">
                    <object tool_tip="" object_id="SHAPE_30" description="" object_number="30"/>
                    <box bottom="6" right="3" axis_offset_top="9" axis_offset_left="29" angle="0" top="0" left="0" z_index="-3" axis_anchor="0"/>
                    <line style="1" line_width="1" color="#000000"/>
                    <fill fill="#00ff00"/>
                    <gradient gradient_direction="5" gradient_color="#00af00"/>
                    <rectangle corner_radius="0" x1="0" y1="0" x2="3.29592" y2="6.7438"/>
                </shape>
                <shape type="Line">
                    <object tool_tip="" object_id="SHAPE_37" description="" object_number="37"/>
                    <box bottom="3" right="0" axis_offset_top="5" axis_offset_left="37" angle="0" top="0" left="0" z_index="-4" axis_anchor="2"/>
                    <line style="1" line_width="1" color="#000000"/>
                </shape>
                <shape type="Line">
                    <object tool_tip="" object_id="SHAPE_36" description="" object_number="36"/>
                    <box bottom="4" right="0" axis_offset_top="5" axis_offset_left="31" angle="0" top="0" left="0" z_index="-5" axis_anchor="2"/>
                    <line style="1" line_width="1" color="#000000"/>
                </shape>
                <description/>
            </componentInstance>
            <componentInstance uuid="{9a9088fb-f0d8-4cbb-8730-445c82719156}" zIndex="0" objectNumber="16712324" x1="101" y1="309" x2="143" y2="344" objectId="">
                <shape type="Polygon">
                    <object tool_tip="" object_id="SHAPE_8" description="" object_number="8"/>
                    <box bottom="0" right="0" axis_offset_top="8" axis_offset_left="2" angle="0" top="0" left="0" z_index="1" axis_anchor="0"/>
                    <line style="1" line_width="1" color="#000000"/>
                    <fill fill="#00fe3b"/>
                    <gradient gradient_direction="7" gradient_color="#008606"/>
                    <polyline closed="1">
                        <points>
                            <point x="0" y="0"/>
                            <point x="-0.4038461538461542" y="24.3181818181818"/>
                            <point x="38.56730769230774" y="-0.6818181818181819"/>
                            <point x="38.56730769230774" y="-0.6818181818181819"/>
                            <point x="38.36538461538461" y="24.99999999999999"/>
                            <point x="38.36538461538461" y="24.99999999999999"/>
                            <point x="38.36538461538461" y="24.99999999999999"/>
                        </points>
                    </polyline>
                </shape>
                <shape type="Rectangle">
                    <object tool_tip="" object_id="SHAPE_9" description="" object_number="9"/>
                    <box bottom="2" right="18" axis_offset_top="1" axis_offset_left="11" angle="0" top="0" left="0" z_index="0" axis_anchor="0"/>
                    <line style="1" line_width="1" color="#000000"/>
                    <fill fill="#00fe3b"/>
                    <gradient gradient_direction="7" gradient_color="#008606"/>
                    <rectangle corner_radius="0" x1="0" y1="0" x2="18.9808" y2="2.5"/>
                </shape>
                <shape type="Rectangle">
                    <object tool_tip="" object_id="SHAPE_6" description="" object_number="6"/>
                    <box bottom="17" right="2" axis_offset_top="3" axis_offset_left="19" angle="0" top="0" left="0" z_index="0" axis_anchor="0"/>
                    <line style="1" line_width="1" color="#000000"/>
                    <fill fill="#00fe3b"/>
                    <gradient gradient_direction="5" gradient_color="#008606"/>
                    <rectangle corner_radius="0" x1="0" y1="0" x2="2.22115" y2="17.5"/>
                </shape>
                <description/>
            </componentInstance>
            <componentInstance uuid="{1ddb57b9-ae22-4edd-a7fe-388da53405c6}" zIndex="0" objectNumber="4289439395" x1="355" y1="243" x2="427" y2="365" objectId="">
                <shape type="Rectangle">
                    <object tool_tip="" object_id="SHAPE_1" description="" object_number="1"/>
                    <box bottom="98" right="64" axis_offset_top="11" axis_offset_left="3" angle="0" top="0" left="0" z_index="0" axis_anchor="0"/>
                    <line style="1" line_width="1" color="#000000"/>
                    <fill fill="#fefefe"/>
                    <gradient gradient_direction="5" gradient_color="#707070"/>
                    <rectangle corner_radius="0" x1="0" y1="0" x2="64.5517" y2="98.879"/>
                </shape>
                <shape type="Ellipse">
                    <object tool_tip="" object_id="SHAPE_4" description="" object_number="4"/>
                    <box bottom="16" right="65" axis_offset_top="2" axis_offset_left="3" angle="0" top="0" left="0" z_index="0" axis_anchor="0"/>
                    <line style="1" line_width="1" color="#000000"/>
                    <fill fill="#fefefe"/>
                    <gradient gradient_direction="5" gradient_color="#707070"/>
                    <ellipse angle_end="180" x1="0" ellipse_type="ARC_CHORD" y1="0" x2="65.1724" y2="16.7258" angle_start="0"/>
                </shape>
                <shape type="Ellipse">
                    <object tool_tip="" object_id="SHAPE_5" description="" object_number="5"/>
                    <box bottom="20" right="64" axis_offset_top="98" axis_offset_left="3" angle="0" top="0" left="0" z_index="0" axis_anchor="0"/>
                    <line style="1" line_width="1" color="#000000"/>
                    <fill fill="#fefefe"/>
                    <gradient gradient_direction="5" gradient_color="#707070"/>
                    <ellipse angle_end="-180" x1="0" ellipse_type="ARC_CHORD" y1="0" x2="64.5517" y2="20.6613" angle_start="0"/>
                </shape>
                <description/>
            </componentInstance>
            <componentInstance uuid="{9f3488ee-35a8-4465-8257-04682835adad}" zIndex="0" objectNumber="7" x1="19" y1="257" x2="80" y2="348" objectId="">
                <shape type="Rectangle">
                    <object tool_tip="" object_id="SHAPE_6" description="" object_number="6"/>
                    <box bottom="8" right="1" axis_offset_top="2" axis_offset_left="2" angle="0" top="0" left="0" z_index="1" axis_anchor="0"/>
                    <line style="1" line_width="1" color="#000000"/>
                    <fill fill="#fefefe"/>
                    <gradient gradient_direction="5" gradient_color="#707070"/>
                    <rectangle corner_radius="0" x1="0" y1="0" x2="1.4186" y2="8.55263"/>
                </shape>
                <shape type="Rectangle">
                    <object tool_tip="" object_id="SHAPE_7" description="" object_number="7"/>
                    <box bottom="8" right="1" axis_offset_top="2" axis_offset_left="57" angle="0" top="0" left="0" z_index="1" axis_anchor="0"/>
                    <line style="1" line_width="1" color="#000000"/>
                    <fill fill="#fefefe"/>
                    <gradient gradient_direction="5" gradient_color="#707070"/>
                    <rectangle corner_radius="0" x1="0" y1="0" x2="1.06395" y2="8.55263"/>
                </shape>
                <shape type="Rectangle">
                    <object tool_tip="" object_id="SHAPE_5" description="" object_number="5"/>
                    <box bottom="2" right="57" axis_offset_top="2" axis_offset_left="2" angle="0" top="0" left="0" z_index="0" axis_anchor="0"/>
                    <line style="1" line_width="1" color="#000000"/>
                    <fill fill="#fefefe"/>
                    <gradient gradient_direction="5" gradient_color="#707070"/>
                    <rectangle corner_radius="0" x1="0" y1="0" x2="57.0988" y2="2.73684"/>
                </shape>
                <shape type="Rectangle">
                    <object tool_tip="" object_id="SHAPE_3" description="" object_number="3"/>
                    <box bottom="82" right="48" axis_offset_top="6" axis_offset_left="6" angle="0" top="0" left="0" z_index="0" axis_anchor="0"/>
                    <line style="1" line_width="1" color="#000000"/>
                    <fill fill="#fefefe"/>
                    <gradient gradient_direction="5" gradient_color="#707070"/>
                    <rectangle corner_radius="0" x1="0" y1="0" x2="48.5872" y2="82.7895"/>
                </shape>
                <description/>
            </componentInstance>
        </component_instances>
    </hmipage>
</project>
